targetid,z,zwarn,coadd_fiberstatus,spectype,mean_fiber_ra,mean_fiber_dec
39633297365534081,0.475142154446665,0,0,GALAXY,216.74057,53.231815
39633297373924293,0.48098164650098496,0,0,GALAXY,217.74696,53.138096
39633311965907624,6.770749223285123e-05,0,0,GALAXY,243.36798,54.344833
39633290075835692,0.36061287007517806,0,0,GALAXY,217.80165,52.728992
39633290075834133,0.3340101440295033,0,0,GALAXY,217.62642,52.79113
39633318995558557,0.3371543149652189,0,0,GALAXY,242.6021,54.639606
39633322455862808,0.07835028419146897,0,0,GALAXY,240.27199,55.060566
39633300976831230,0.4398771161420736,0,0,GALAXY,216.30714,53.444817
39633286376457640,0.3479359717489343,0,0,GALAXY,215.77637,52.390682
39633297357147790,0.4350558211687292,0,0,GALAXY,216.15437,53.126343
39633286376457480,0.28692492077096876,0,0,GALAXY,215.75241,52.40927
39633393184410675,0.33878092431820767,0,0,GALAXY,191.54218,60.406536
39633308144896799,0.22177129036935173,0,0,GALAXY,215.91728,54.040306
39633293716489877,0.43653583980206384,0,0,GALAXY,215.79738,52.92567
39633304558764108,0.41120237466198134,0,0,GALAXY,214.49094,53.76536
39633275198639470,0.00010595994348519381,0,0,GALAXY,214.56345,51.71056
39633393163439850,0.3964634283680859,0,0,GALAXY,189.07458,60.599827
39633390177092212,0.42346937925021083,0,0,GALAXY,190.11528,60.32809
39633393171825695,0.4274252245473296,0,0,GALAXY,189.77603,60.386505
39633390181286486,0.36334515659432626,0,0,GALAXY,190.61353,60.259575
39633393176020574,0.44297426282138364,0,0,GALAXY,190.35847,60.576958
39633390168704300,0.3959277366684281,0,0,GALAXY,189.2181,60.33616
39633390164510348,0.4245358908983083,0,0,GALAXY,188.73772,60.291325
39633390164508746,0.4312808393873086,0,0,GALAXY,188.5311,60.248093
39633247960827387,0.45458886633835216,0,0,GALAXY,170.45953,50.09066
39633263387477522,0.4119492229308124,0,0,GALAXY,170.28845,51.068577
39633263374893498,0.28226963556323414,0,0,GALAXY,168.96301,50.94325
39633263391670794,0.3523815500809275,0,0,GALAXY,170.56413,51.0188
39633259566467152,0.06504574114875754,0,0,GALAXY,170.74274,50.696243
39627763581193254,0.35217673936653676,0,0,GALAXY,179.63844,-0.92617065
39627763581191035,0.3807582352878961,0,0,GALAXY,179.54173,-0.9402064
39627757541393990,0.3909227287110943,0,0,GALAXY,179.57999,-1.3276438
39627757541394270,0.3809658246910408,0,0,GALAXY,179.59186,-1.2489233
39627751493209177,0.4485421602459898,0,0,GALAXY,179.16017,-1.3945775
39627751497405462,0.35371333823016793,0,0,GALAXY,179.49983,-1.3810774
39627745461802374,0.26944824479025986,0,0,GALAXY,179.7498,-1.645267
39627751501597426,0.47083098265563733,0,0,GALAXY,179.61127,-1.4832885
39627757541396568,0.37395745179808926,0,0,GALAXY,179.70245,-1.3584211
39627751505791153,0.3746290927497193,0,0,GALAXY,179.86147,-1.4013201
39627763585390358,0.3697164485371739,0,0,GALAXY,179.97446,-0.99678147
39627757537198437,0.42796024302201213,0,0,GALAXY,179.26741,-1.1449404
39627757537199371,0.33663818217938146,0,0,GALAXY,179.31224,-1.1570687
39627757545587164,0.24357371347483533,0,0,GALAXY,179.76903,-1.1292223
39627757545590328,0.4571249636300407,0,0,GALAXY,179.91066,-1.3405603
39627757545590425,0.12928466042955528,0,0,GALAXY,179.91518,-1.149492
39627781692196048,0.34422823906260475,0,0,GALAXY,179.05276,-0.15175688
39627781679615521,0.4538337208194149,0,0,GALAXY,178.4035,-0.33643237
39627769620988740,0.24253541869476664,0,0,GALAXY,179.53407,-0.6623799
39627763568609564,0.12121325289981055,0,0,GALAXY,178.8665,-0.88433695
39627763572802627,0.23144860640699055,0,0,GALAXY,179.0513,-0.8885952
39627769612600942,0.4742764089618701,0,0,GALAXY,179.07317,-0.8173966
39627781683807268,0.335290210825696,0,0,GALAXY,178.54268,-0.15528272
39627781692196349,0.37293163544890434,0,0,GALAXY,179.06508,-0.29287145
39627781692195349,0.20324008614902594,0,0,GALAXY,179.02235,-0.22768578
39627775664984392,0.4615013382133856,0,0,GALAXY,179.9325,-0.5971836
39627787731994131,0.3442784791979937,0,0,GALAXY,179.07768,-0.11766395
39627787731993870,0.24886581459379625,0,0,GALAXY,179.064,-0.014155097
39627781692199059,0.2583494718058048,0,0,GALAXY,179.1807,-0.30618188
39627769620993487,0.33239360381147354,0,0,GALAXY,179.71544,-0.6837614
39627751509983278,0.3273006581157849,0,0,GALAXY,180.001,-1.5775869
39627787744578286,0.2518560330173973,0,0,GALAXY,179.87733,-0.019907575
39627781696392418,0.33461576977379137,0,0,GALAXY,179.41406,-0.37334907
39627781696392771,0.33462405475155593,0,0,GALAXY,179.4346,-0.37096682
39627775656596279,0.33841104428158847,0,0,GALAXY,179.48819,-0.40892038
39627781696392378,0.22816385853937962,0,0,GALAXY,179.41205,-0.259968
39627751509986668,0.2883078956624124,0,0,GALAXY,180.15883,-1.5467461
39627751518372105,0.26538423661104465,0,0,GALAXY,180.51411,-1.4294845
39627763593774923,0.26236444009508925,0,0,GALAXY,180.35162,-0.9875898
39627757549785931,0.3258821701630799,0,0,GALAXY,180.23546,-1.3402293
39627757549785806,0.26506607294878903,0,0,GALAXY,180.22963,-1.2441057
39627757553978368,0.3824686964995337,0,0,GALAXY,180.41249,-1.3209554
39627781704780779,0.32929464848901224,0,0,GALAXY,179.89476,-0.33596113
39627781700586302,0.4410638615860931,0,0,GALAXY,179.64162,-0.18141036
39627763614748855,0.46134482383356495,0,0,GALAXY,181.7077,-0.9559874
39627775673370198,0.4677740986771181,0,0,GALAXY,180.32587,-0.5117133
39627757558171922,0.24955139613941066,0,0,GALAXY,180.61745,-1.1567613
39627757553977185,0.3952936244917404,0,0,GALAXY,180.34735,-1.1566911
39627769629380790,0.45742684012138796,0,0,GALAXY,180.17664,-0.75684136
39627763589582545,0.26355115670658913,0,0,GALAXY,180.16469,-1.0507708
39627769637766891,0.3241912534862295,0,0,GALAXY,180.56749,-0.7889644
39627769633574119,0.4699890973132138,0,0,GALAXY,180.39256,-0.84793043
39627769637766154,0.32581332264267854,0,0,GALAXY,180.53923,-0.7378304
39627769637765519,0.3260129973509041,0,0,GALAXY,180.514,-0.7255185
39627769637765481,0.4041014330703715,0,0,GALAXY,180.51198,-0.70472825
39627763597971935,0.3775613530647081,0,0,GALAXY,180.71487,-0.9536917
39627775669179951,0.32829326914384543,0,0,GALAXY,180.21754,-0.4849748
39627763589582356,0.26325347767276563,0,0,GALAXY,180.15489,-0.9847239
39627769641961330,0.419257009699739,0,0,GALAXY,180.83263,-0.75470483
39627775677564157,0.4502895367815499,0,0,GALAXY,180.54788,-0.5948013
39627781717362234,0.3987453098954031,0,0,GALAXY,180.56268,-0.2852731
39627769637771247,0.2770227784858614,0,0,GALAXY,180.74771,-0.64377594
39627763589584242,0.38201889970353103,0,0,GALAXY,180.24239,-1.0809921
39627787769746240,0.4012548098256928,0,0,GALAXY,181.49355,-0.089824945
39627769646155420,0.32389140652227244,0,0,GALAXY,181.07341,-0.64105177
39627775685953307,0.4643582331787945,0,0,GALAXY,181.08621,-0.6027989
39627775681761341,0.20497531100216135,0,0,GALAXY,180.94682,-0.5523447
39627775681761676,0.3232511816977013,0,0,GALAXY,180.96252,-0.5186641
39627775685954549,0.32469135075090777,0,0,GALAXY,181.14804,-0.56478316
39627781725749750,0.4094390729448608,0,0,GALAXY,181.02448,-0.29941118
39627781725752102,0.40097549118368025,0,0,GALAXY,181.15054,-0.31027526
39627781725752414,0.2768108366486763,0,0,GALAXY,181.1644,-0.25102565
39627787765547911,0.41823004495913696,0,0,GALAXY,181.04416,-0.1165446
39627787761356215,0.3638046698397187,0,0,GALAXY,180.94255,-0.10976759
39627781708975852,0.40824228314092204,0,0,GALAXY,180.14835,-0.2653761
39627775669180424,0.3712953878425199,0,0,GALAXY,180.23834,-0.43567875
39627775673369293,0.28359037958455147,0,0,GALAXY,180.28326,-0.4100637
39627787773937918,0.400092425003195,0,0,GALAXY,181.6086,-0.09516591
39627763618943903,0.3949290628954168,0,0,GALAXY,181.97171,-0.90483534
39627763623134425,0.40037865491870595,0,0,GALAXY,182.05205,-1.1156622
39627745524714218,0.43178770472690176,0,0,GALAXY,183.36835,-1.6743989
39627787765549447,0.4588830499067147,0,0,GALAXY,181.13127,-0.10325468
39627745516326575,0.4637476441524587,0,0,GALAXY,182.93185,-1.6512228
39627751556125736,0.08241949724618011,0,0,GALAXY,182.96413,-1.5539198
39627751564512082,0.33851770429286254,0,0,GALAXY,183.37054,-1.3840958
39627763635719769,0.4057921256082034,0,0,GALAXY,182.88318,-0.8957553
39627757604309525,0.39563696066882803,0,0,GALAXY,183.37787,-1.1837283
39627757604310578,0.3758297278329603,0,0,GALAXY,183.43767,-1.1997547
39627757604310772,0.4600276169977243,0,0,GALAXY,183.44643,-1.3421762
39627757591729077,0.28222300690263397,0,0,GALAXY,182.7048,-1.2791084
39627787778131827,0.39852339209614757,0,0,GALAXY,181.8276,-0.04656012
39627763644106326,0.44108236435952236,0,0,GALAXY,183.32507,-1.1091655
39627775698538893,0.38638049477628783,0,0,GALAXY,181.96712,-0.5904514
39627775711118992,0.3480067324966368,0,0,GALAXY,182.56459,-0.6168614
39627775723706312,0.28824511663440494,0,0,GALAXY,183.49272,-0.6219453
39627775698538078,0.4599714061478473,0,0,GALAXY,181.92992,-0.41585052
39627769679708220,0.34683630361617995,0,0,GALAXY,183.00026,-0.8402701
39627769675518174,0.36026735901107887,0,0,GALAXY,182.91931,-0.68006516
39627769671326037,0.30311579271132855,0,0,GALAXY,182.73686,-0.6367272
39627763644107055,0.4449237238064213,0,0,GALAXY,183.35983,-1.0966403
39627769658738654,0.4150665921203428,0,0,GALAXY,181.83617,-0.7995584
39627769662931610,0.461219123256911,0,0,GALAXY,182.0297,-0.73151606
39627769679713595,0.4040836654267172,0,0,GALAXY,183.22481,-0.86541325
39627781750920084,0.44003915421227324,0,0,GALAXY,182.70583,-0.30971366
39627781755111477,0.320570681748026,0,0,GALAXY,182.84898,-0.30083933
39627757612699633,0.3294640906231296,0,0,GALAXY,183.95255,-1.281929
39627763644108622,0.33292785097837424,0,0,GALAXY,183.44183,-0.8847067
39627769679713959,0.46168637662833356,0,0,GALAXY,183.24104,-0.6647809
39627775719510409,0.43442525819043093,0,0,GALAXY,183.19714,-0.4733135
39627775719511359,0.37950850620681054,0,0,GALAXY,183.24002,-0.47417912
39627769696487334,0.4000729053006043,0,0,GALAXY,184.07445,-0.8194801
39627769696489564,0.3484794139475915,0,0,GALAXY,184.1569,-0.836985
39627775723703250,0.3474016484678977,0,0,GALAXY,183.37567,-0.3977839
39627775727895964,0.3847699853985565,0,0,GALAXY,183.5507,-0.4066703
39627781767693050,0.3212090905330526,0,0,GALAXY,183.53773,-0.2503972
39627787799105618,0.4326420444099723,0,0,GALAXY,183.18431,-0.081600964
39627787803298250,0.27439184485752566,0,0,GALAXY,183.37094,-0.112815306
39627763656691309,0.27242613180117814,0,0,GALAXY,184.18538,-0.9013555
39627763656692608,0.3425912109448633,0,0,GALAXY,184.24951,-1.0323919
39627751568705390,0.37720577744539896,0,0,GALAXY,183.5996,-1.57063
39627751572901094,0.44142147793869235,0,0,GALAXY,183.90584,-1.3828084
39627763652496786,0.40215307958247326,0,0,GALAXY,183.90945,-1.0011424
39627775727900255,0.34570417113364965,0,0,GALAXY,183.71935,-0.48046547
39627763660887287,0.44172091620877185,0,0,GALAXY,184.49954,-0.92849135
39627781784470925,0.4575735112204682,0,0,GALAXY,184.56851,-0.34633642
39627781771887959,0.40373891866562833,0,0,GALAXY,183.81822,-0.21788175
39627775736286697,0.31686502241420156,0,0,GALAXY,184.1466,-0.42768046
39627775736288285,0.2897532410204113,0,0,GALAXY,184.2154,-0.41595578
39627781776086218,0.32148206410064606,0,0,GALAXY,184.22647,-0.23564173
39627781780275963,0.2777405829736076,0,0,GALAXY,184.28271,-0.32006407
39627781776081549,0.43457605052599546,0,0,GALAXY,184.02374,-0.17152351
39627775736288493,0.38334116607589824,0,0,GALAXY,184.22386,-0.5571047
39627775740481038,0.4409566647534711,0,0,GALAXY,184.3998,-0.5650401
39627775740479846,0.27586201942128064,0,0,GALAXY,184.34929,-0.55509317
39627775727900698,0.4258866874115057,0,0,GALAXY,183.73871,-0.4419891
39627775744675409,0.40099047437402163,0,0,GALAXY,184.68867,-0.4408781
39627781784472284,0.34129699952863074,0,0,GALAXY,184.6362,-0.29059538
39627781784472312,0.3080455613943122,0,0,GALAXY,184.63734,-0.23205543
39627764164198849,0.4123115595441118,0,0,GALAXY,214.269,-1.0182914
39627782254231752,0.2844940042051944,0,0,GALAXY,212.50844,-0.24648292
39627758107628403,0.42205650545289286,0,0,GALAXY,213.4711,-1.2670426
39627770178833472,0.4289996439074275,0,0,GALAXY,212.89644,-0.78719306
39627758111820447,0.28665093513047857,0,0,GALAXY,213.61385,-1.2887555
39627764147422439,0.4203210612411891,0,0,GALAXY,213.30794,-0.97507244
39627770203999135,0.41327381554096987,0,0,GALAXY,214.38434,-0.7583586
39627770216579642,0.3222789016496467,0,0,GALAXY,215.0203,-0.63994336
39627776227019393,0.37791745076229066,0,0,GALAXY,213.37877,-0.5217714
39627782283592032,0.27780995434937455,0,0,GALAXY,214.26193,-0.14330378
39627782291984272,0.4448828738399939,0,0,GALAXY,214.90321,-0.24805884
39627770216580965,0.3215442047847216,0,0,GALAXY,215.07315,-0.62754655
39627782312955723,0.38311218918797313,0,0,GALAXY,216.15337,-0.18841726
39627782296174709,0.3194908260655156,0,0,GALAXY,215.00278,-0.1282905
39627770216584090,0.3716930002925932,0,0,GALAXY,215.18173,-0.7100401
39627782312951866,0.35805825644316147,0,0,GALAXY,216.00117,-0.37138492
39627764218727602,0.40294461402886356,0,0,GALAXY,217.6361,-1.020356
39627764201949017,0.27978652654069586,0,0,GALAXY,216.59828,-1.1091801
39627764214534020,0.46300229987191527,0,0,GALAXY,217.41801,-0.89945227
39627764214533245,0.3204002961399002,0,0,GALAXY,217.38481,-0.8765003
39627782317149451,0.3574552607920069,0,0,GALAXY,216.4012,-0.27861252
39627782317148319,0.30675435974427234,0,0,GALAXY,216.34828,-0.26050997
39627782317151574,0.41790168914674,0,0,GALAXY,216.4976,-0.13161351
39627770254333533,0.36241496176902704,0,0,GALAXY,217.49083,-0.78306055
39627758174734190,0.3211916524808687,0,0,GALAXY,217.33893,-1.3320462
39627770262717392,0.44669528698669747,0,0,GALAXY,217.79056,-0.6701469
39627770250137573,0.47088321730370397,0,0,GALAXY,217.17462,-0.6940239
39627764206145642,0.31630800542528104,0,0,GALAXY,216.93915,-0.9386299
39627788398888679,0.2108147085160334,0,0,GALAXY,218.81726,-0.10454084
39627758191512359,0.3238389203631907,0,0,GALAXY,218.37021,-1.2460797
39627782346510925,0.3953991452606718,0,0,GALAXY,218.22673,-0.30417892
39627782354895696,0.33801868172159916,0,0,GALAXY,218.53583,-0.33002776
39627764231310059,0.32614811792596615,0,0,GALAXY,218.382,-1.006381
39627770279497810,0.2561008834985078,0,0,GALAXY,218.90706,-0.66606736
39627805360657334,0.466309502719649,0,0,GALAXY,149.97066,0.73993665
39627811387869780,0.339639102014246,0,0,GALAXY,149.13924,0.9960268
39627811392062479,0.4644308061045044,0,0,GALAXY,149.29672,0.9794125
39627782363286497,0.34078342942322964,0,0,GALAXY,219.09953,-0.1835134
39627817427665974,5.801176178322721e-05,0,0,GALAXY,149.05952,1.3649507
39627811404644958,0.3680081811688975,0,0,GALAXY,150.02533,1.047029
39627817436056254,0.30083784317553647,0,0,GALAXY,149.61531,1.1881863
39627811392065057,0.4656397616540395,0,0,GALAXY,149.41643,1.0414104
39627829503068362,0.3136117251919801,0,0,GALAXY,148.85205,1.7685403
39627817444445256,0.14030933150505298,0,0,GALAXY,150.1415,1.3315048
39627823484239963,0.36162005722062573,0,0,GALAXY,150.00288,1.4349698
39627823484244402,0.36298373619390356,0,0,GALAXY,150.21861,1.4752055
39627823484243813,0.3376191100004125,0,0,GALAXY,150.19203,1.5233978
39627823484244826,0.3631075062480051,0,0,GALAXY,150.23862,1.528438
39627823488435304,0.3602162316273221,0,0,GALAXY,150.29857,1.5542521
39627841582664632,0.4273236608280172,0,0,GALAXY,148.90283,2.2549815
39627835547059935,0.3104744174883652,0,0,GALAXY,149.07425,1.9768221
39627835547060165,0.3760383654359361,0,0,GALAXY,149.08368,1.9858764
39627811404645103,0.35549740994187934,0,0,GALAXY,150.03194,0.89102876
39627829511455141,0.35835668795552106,0,0,GALAXY,149.2665,1.6436983
39627829507263847,0.48000905642530267,0,0,GALAXY,149.15727,1.8665978
39627817448641162,0.42497710421640683,0,0,GALAXY,150.49696,1.1765275
39627823488435961,0.26532571550826356,0,0,GALAXY,150.32661,1.4942195
39627823488438387,0.27973994801067703,0,0,GALAXY,150.43832,1.4848664
39627835538671859,0.017305226258713217,0,0,GALAXY,148.63179,1.9987059
39627847618266290,0.4610527779737752,0,0,GALAXY,148.55603,2.6011398
39627841586856596,0.4368638035752464,0,0,GALAXY,149.03345,2.1673417
39627841586858886,0.43209021606610065,0,0,GALAXY,149.14186,2.138044
39627841582662244,0.45116961428897423,0,0,GALAXY,148.78125,2.15491
39627841582664799,0.42822467825334337,0,0,GALAXY,148.91058,2.201203
39627841582665184,0.3134015325866985,0,0,GALAXY,148.93037,2.159593
39627841582661892,0.4307646385926254,0,0,GALAXY,148.76157,2.3666859
39627841582662964,0.39064641384059456,0,0,GALAXY,148.81566,2.2670414
39627847618269759,0.3124498683661674,0,0,GALAXY,148.73253,2.3795063
39627841582662666,0.4515717368020423,0,0,GALAXY,148.80339,2.3447535
39627841586858957,0.4300952835587173,0,0,GALAXY,149.14412,2.3263774
39627853670646231,0.3446690706890084,0,0,GALAXY,149.27312,2.8273396
39627859706253264,0.2435804211091413,0,0,GALAXY,149.22191,2.9199364
39627859710444097,0.32578586388440434,0,0,GALAXY,149.28745,3.0531065
39627835555449886,0.30983573221799376,0,0,GALAXY,149.63383,2.11581
39627835555451437,0.4796506294376843,0,0,GALAXY,149.71039,2.1227486
39627835555451673,0.21957780032266794,0,0,GALAXY,149.72047,2.042539
39627853666452314,0.48572922223872633,0,0,GALAXY,149.04234,2.6542284
39627853662259719,0.42128343058979145,0,0,GALAXY,148.89948,2.7635334
39627829519844476,0.34290459507988214,0,0,GALAXY,149.80763,1.8622779
39627829511459792,0.29627489936356416,0,0,GALAXY,149.46266,1.672794
39627823475852720,0.45954629235012806,0,0,GALAXY,149.56927,1.6220418
39627829515649857,0.48605725387067183,0,0,GALAXY,149.53743,1.6919503
39627823480045936,0.37200575588013,0,0,GALAXY,149.76518,1.6235464
39627841586860064,0.21045762025250372,0,0,GALAXY,149.18907,2.333427
39627823488434899,0.3649709750304786,0,0,GALAXY,150.28218,1.5805435
39627835559644499,0.3557960896783373,0,0,GALAXY,149.9209,2.0312133
39627835559644403,0.3542040655695077,0,0,GALAXY,149.91602,2.1130698
39627841595250693,0.2586828485563791,0,0,GALAXY,149.7496,2.3070753
39627841599439354,0.3450242966134397,0,0,GALAXY,149.7688,2.3128073
39627841599440136,0.35407369644788883,0,0,GALAXY,149.7996,2.140044
39627835551254034,0.3541978538156933,0,0,GALAXY,149.31757,2.0727956
39627823488435232,0.3460526646336432,0,0,GALAXY,150.29604,1.6116804
39627829524041493,0.345731154946376,0,0,GALAXY,150.18674,1.6602088
39627823488436556,0.35767703212762963,0,0,GALAXY,150.34952,1.5874809
39627841591053902,0.19384407483891905,0,0,GALAXY,149.42743,2.2704465
39627841595246847,0.37999502513896216,0,0,GALAXY,149.60744,2.1271768
39627841595246952,0.3797630280982303,0,0,GALAXY,149.61159,2.1731825
39627829519847593,0.4422998283742932,0,0,GALAXY,149.97531,1.6864744
39627823488437875,0.22707213629740325,0,0,GALAXY,150.4106,1.6026725
39627835572227229,0.3145703752779072,0,0,GALAXY,150.63342,2.0124044
39627829528235251,0.4359941114444356,0,0,GALAXY,150.40321,1.6439755
39627853670647945,0.37546921776284425,0,0,GALAXY,149.37204,2.777689
39627835572226570,0.3743400447594957,0,0,GALAXY,150.60258,2.118086
39627841607829719,0.37322288359875727,0,0,GALAXY,150.33704,2.2795231
39627847630853170,0.3718291647204787,0,0,GALAXY,149.47914,2.564918
39627853674842107,0.343004197071739,0,0,GALAXY,149.60728,2.664588
39627841595250635,0.3727810731097733,0,0,GALAXY,149.74724,2.3457239
39627859714639532,0.3023776342179708,0,0,GALAXY,149.58914,2.8830345
39627847639238816,0.3584844017395938,0,0,GALAXY,149.85844,2.5919318
39627847630850197,0.4814446377240428,0,0,GALAXY,149.3541,2.4848251
39627847630852343,0.48060011683410914,0,0,GALAXY,149.44156,2.42595
39627859710447108,0.42827633974063467,0,0,GALAXY,149.45026,2.9434557
39627853674843589,0.34276382044650755,0,0,GALAXY,149.6847,2.8532329
39627859714640945,0.3051667659868519,0,0,GALAXY,149.65512,2.9020665
39627835568031948,0.34685792904583534,0,0,GALAXY,150.34822,1.948989
39627835568033129,0.3228824444745058,0,0,GALAXY,150.39604,2.063117
39627853683231193,0.3506347298949043,0,0,GALAXY,150.11038,2.708282
39627853683231960,0.344963512338648,0,0,GALAXY,150.14334,2.6868186
39627853691618298,0.3495155084034533,0,0,GALAXY,150.54166,2.7315645
39627847647627094,0.3486095262647434,0,0,GALAXY,150.32484,2.484023
39627853683230794,0.4337733113008306,0,0,GALAXY,150.09286,2.7345054
39627829536621987,0.4366131253070019,0,0,GALAXY,150.81589,1.8280272
39627853683232933,0.3051459429814844,0,0,GALAXY,150.18692,2.7824855
39627853683234287,0.3119765780896204,0,0,GALAXY,150.24365,2.8500354
39627859723031279,0.3322801047009878,0,0,GALAXY,150.18503,2.9238522
39627859727221406,0.32302899237057986,0,0,GALAXY,150.27843,2.945651
39627817457026777,0.4689412072543021,0,0,GALAXY,150.82347,1.2072525
39627841612022324,0.4550540178111896,0,0,GALAXY,150.5183,2.3694372
39627853687425505,0.42907641154050924,0,0,GALAXY,150.35408,2.7201855
39627859718836034,0.3560228039122247,0,0,GALAXY,149.91563,3.0508149
39627847643431556,0.3475696081734243,0,0,GALAXY,150.02525,2.5735493
39627829540815106,0.3711030050251995,0,0,GALAXY,151.01372,1.7958406
39627823496824619,0.43389955978097633,0,0,GALAXY,150.8315,1.598582
39627841620412532,0.3011285918038596,0,0,GALAXY,151.10168,2.2553184
39627835572227791,0.4146173077609368,0,0,GALAXY,150.65901,1.9742957
39627841616216948,0.39062330948909957,0,0,GALAXY,150.79065,2.144126
39627835576420826,0.43954730432239525,0,0,GALAXY,150.87083,2.0453405
39627835576419669,0.34498379830269954,0,0,GALAXY,150.81955,2.0824318
39627835576420595,0.30220048360900137,0,0,GALAXY,150.86179,2.0617106
39627835576420786,0.3250009481255431,0,0,GALAXY,150.86906,2.1125379
39627835576422126,0.26630759753248434,0,0,GALAXY,150.93484,2.0839381
39627841612027096,0.4672684687877492,0,0,GALAXY,150.7253,2.241736
39627841612027335,0.3640775766429326,0,0,GALAXY,150.73631,2.2918053
39627859739804520,0.4894382099456762,0,0,GALAXY,151.04257,3.1193762
39627847651823297,0.3718220826790367,0,0,GALAXY,150.66374,2.5641487
39627853695812376,0.43072136978830194,0,0,GALAXY,150.78918,2.6438775
39627847656017081,0.351119890479331,0,0,GALAXY,150.90276,2.5798502
39627859743998182,0.37462788445542716,0,0,GALAXY,151.26205,3.0920286
39627865779603502,0.4758101222908546,0,0,GALAXY,151.32634,3.1343148
39627847668596957,0.44122537692814295,0,0,GALAXY,151.50914,2.4259577
39627847668597230,0.3830874906484983,0,0,GALAXY,151.52452,2.5206628
39627853700005934,0.3518079624983918,0,0,GALAXY,151.00113,2.62547
39627853700006267,0.3309038190493828,0,0,GALAXY,151.01843,2.7100909
39627853700010077,0.26860434218019114,0,0,GALAXY,151.19637,2.6411235
39627871773262596,0.4220506356097577,0,0,GALAXY,148.99684,3.4167767
39627871781653094,0.49914853469936976,0,0,GALAXY,149.57968,3.4685419
39627865741853156,0.3456880613439275,0,0,GALAXY,148.9866,3.1519063
39627865754441145,0.4849331880672784,0,0,GALAXY,149.94514,3.140684
39627865741853667,0.46595771768966876,0,0,GALAXY,149.01219,3.166679
39627865741855686,0.4946387726112507,0,0,GALAXY,149.11288,3.2142732
39627865746047949,0.3108599992765562,0,0,GALAXY,149.26329,3.1666787
39627847664404337,0.4384064715930627,0,0,GALAXY,151.35117,2.5870757
39627865746049524,0.40509188154180137,0,0,GALAXY,149.35747,3.2433512
39627865754440110,0.30437032877773884,0,0,GALAXY,149.90672,3.1671143
39627865754438884,0.3490635323836815,0,0,GALAXY,149.85178,3.3000515
39627877817257868,0.12103783529947729,0,0,GALAXY,149.89755,3.780001
39627877817258327,0.3497990139668396,0,0,GALAXY,149.92255,3.819988
39627865741857019,0.45245457553064244,0,0,GALAXY,149.18633,3.2356093
39627865741853492,0.34886422248208804,0,0,GALAXY,149.00404,3.2686548
39627865741855012,0.31408379946392573,0,0,GALAXY,149.07758,3.2687304
39627877825643665,0.32750291942024307,0,0,GALAXY,150.27031,3.7851624
39627865758631649,0.40481483092243203,0,0,GALAXY,150.03217,3.271051
39627799811589626,0.4024812977126722,0,0,GALAXY,179.076,0.47110927
39627871790039416,0.30195186004485575,0,0,GALAXY,149.97723,3.4264758
39627865775407516,0.21839900504032178,0,0,GALAXY,150.98367,3.1393664
39627871781651909,0.3426060571512832,0,0,GALAXY,149.51764,3.552204
39627871785845689,0.1519189300498547,0,0,GALAXY,149.75755,3.490506
39627871785846447,0.3039409944119297,0,0,GALAXY,149.79727,3.4912815
39627871794237297,0.39673559705046646,0,0,GALAXY,150.40517,3.4745634
39627871794238321,0.22445958049536693,0,0,GALAXY,150.4579,3.4716346
39627871790041365,0.34440806709881494,0,0,GALAXY,150.08064,3.49606
39627871806820041,0.319028228767203,0,0,GALAXY,151.16351,3.3921304
39627787723604164,0.2909796348787901,0,0,GALAXY,178.50534,0.06399042
39627793784376624,0.4411912866355894,0,0,GALAXY,179.90631,0.31530586
39627811895378503,0.3017114330055657,0,0,GALAXY,179.27512,0.886347
39627793775989469,0.2713314714098563,0,0,GALAXY,179.49414,0.36086884
39627793780179014,0.39924645378195905,0,0,GALAXY,179.5016,0.34410262
39627787740383256,0.25398945319094035,0,0,GALAXY,179.59338,9.40428e-05
39627787740382571,0.26630586158285097,0,0,GALAXY,179.56657,0.058838207
39627787744578768,0.25641854726102303,0,0,GALAXY,179.89528,0.015302462
39627787731997279,0.22870255331291472,0,0,GALAXY,179.2342,0.092001036
39627787736187382,0.2571674993468252,0,0,GALAXY,179.27548,0.060265664
39627799819978432,0.27193195950100585,0,0,GALAXY,179.58875,0.61836743
39627811899573646,0.3954472544620108,0,0,GALAXY,179.57187,0.9764182
39627793771793547,0.4471879800380454,0,0,GALAXY,179.18791,0.2868141
39627811899573993,0.433875157215614,0,0,GALAXY,179.58879,0.9520899
39627811899575035,0.39624328881180165,0,0,GALAXY,179.63905,1.0032444
39627799836756553,0.33333581987071575,0,0,GALAXY,180.61325,0.49692744
39627787757163773,0.45377271209299247,0,0,GALAXY,180.74811,0.084445044
39627793801153422,0.35098988331975295,0,0,GALAXY,180.88814,0.21767797
39627799840949782,0.33374548307129803,0,0,GALAXY,180.81029,0.43888196
39627799840951729,0.3594742531873162,0,0,GALAXY,180.88705,0.41548055
39627799828368582,0.10548829375563006,0,0,GALAXY,180.13333,0.5827274
39627805884940504,0.41163187718396493,0,0,GALAXY,181.0087,0.7163064
39627793788570418,0.24927060270564338,0,0,GALAXY,180.12888,0.32351577
39627799840951886,0.40514720929123027,0,0,GALAXY,180.89398,0.45129737
39627799840951780,0.26557687717066447,0,0,GALAXY,180.88898,0.5590062
39627805880746342,0.35662734644445265,0,0,GALAXY,180.76146,0.6317739
39627787748771407,0.1312043829067856,0,0,GALAXY,180.06396,0.09811126
39627787748772898,0.24815082584417322,0,0,GALAXY,180.12921,0.106530495
39627793805347060,0.49954035109234995,0,0,GALAXY,181.11281,0.2376672
39627793805346900,0.4339039473701384,0,0,GALAXY,181.10413,0.25224292
39627799874508097,0.3151600087531229,0,0,GALAXY,182.97357,0.49366784
39627793817928455,0.4819043078306434,0,0,GALAXY,181.78215,0.3270526
39627793834705390,0.4712306830266305,0,0,GALAXY,182.77269,0.2436937
39627799874507195,0.33081253881137496,0,0,GALAXY,182.93848,0.4440096
39627793838900450,0.44716969431215126,0,0,GALAXY,183.05699,0.34163713
39627811907962105,0.2579153295344497,0,0,GALAXY,180.0593,0.9260398
39627787761355561,0.25789190432664033,0,0,GALAXY,180.90448,0.025990792
39627787765549594,0.3640078163891602,0,0,GALAXY,181.13847,0.0014922862
39627799878699066,0.4211622711389093,0,0,GALAXY,183.08316,0.5116152
39627805914304484,0.43578130577135854,0,0,GALAXY,182.91284,0.653179
39627805914306713,0.4286357776636755,0,0,GALAXY,182.99948,0.65738714
39627793855680690,0.4327840584896111,0,0,GALAXY,184.21393,0.24780653
39627805922694299,0.3085620043470377,0,0,GALAXY,183.46747,0.7940768
39627793843097707,0.36305101430948605,0,0,GALAXY,183.46664,0.17492165
39627799882895352,0.4308954017944883,0,0,GALAXY,183.44124,0.5893856
39627799882894819,0.4187430881756901,0,0,GALAXY,183.41849,0.61916006
39627811958296605,0.30918575543808274,0,0,GALAXY,183.222,0.88155216
39627793859873700,0.4272181740977662,0,0,GALAXY,184.39162,0.27963737
39627793847290679,0.24550849764558633,0,0,GALAXY,183.63808,0.37080052
39627793859874926,0.327093672117302,0,0,GALAXY,184.44267,0.32315972
39627793847291648,0.4592515450370808,0,0,GALAXY,183.68625,0.15821828
39627799899672736,0.36244072837878627,0,0,GALAXY,184.44171,0.43823984
39627799891283953,0.42825515516960366,0,0,GALAXY,183.92693,0.40999535
39627799887091542,0.3774298066618775,0,0,GALAXY,183.74348,0.55681205
39627793859876220,0.27564016164756583,0,0,GALAXY,184.49774,0.36958167
39627799903863073,0.2745014308390599,0,0,GALAXY,184.50922,0.4124534
39627805926888876,0.33079134411648087,0,0,GALAXY,183.73439,0.7403927
39627805926886765,0.4308889260200131,0,0,GALAXY,183.64903,0.6495287
39628384577259581,0.4742863062809371,0,0,GALAXY,193.93375,25.37975
39627799899670548,0.3706767861131383,0,0,GALAXY,184.35127,0.4734742
39627799899673502,0.45964053853749853,0,0,GALAXY,184.47353,0.5412251
39628346086134771,0.20502401167463666,0,0,GALAXY,194.44992,23.794575
39628351622615541,0.2801063829785683,0,0,GALAXY,194.72153,23.955275
39628346094518310,-0.00014349182599434715,0,0,GALAXY,194.72939,23.792067
39628340562233050,0.47688604635232634,0,0,GALAXY,195.35371,23.555435
39628362662021073,0.31746982671974033,0,0,GALAXY,194.9285,24.53037
39628346107103104,0.42686274757264464,0,0,GALAXY,195.63487,23.656132
39628351635197899,0.42565632365731254,0,0,GALAXY,195.48825,23.91669
39628351626808162,0.06268227090316343,0,0,GALAXY,194.92221,24.104475
39628346098716261,-5.7002742896025865e-05,0,0,GALAXY,195.21515,23.757055
39628346094520823,0.4747214606246056,0,0,GALAXY,194.89616,23.868395
39628346098714176,0.33834525857859166,0,0,GALAXY,195.09361,23.83384
39628357154902702,0.43874455444717814,0,0,GALAXY,195.298,24.298819
39628362666214715,0.4301783214825616,0,0,GALAXY,195.15535,24.492188
39627800419762921,0.38681538727061404,0,0,GALAXY,215.27367,0.51260066
39628384598230959,0.37751529605785694,0,0,GALAXY,195.31602,25.553125
39628357163291732,0.4266008793340516,0,0,GALAXY,195.83928,24.348461
39627788306612620,0.46799218952765015,0,0,GALAXY,213.26962,0.08971514
39627800373628938,0.1467505276550095,0,0,GALAXY,212.721,0.47524247
39628379124663851,0.3432476115875324,0,0,GALAXY,194.70866,25.31589
39628384606621909,0.47777390337186365,0,0,GALAXY,195.9819,25.546837
39628384606621188,0.4714587520493067,0,0,GALAXY,195.94727,25.611893
39627794354799772,0.0001495285257451847,0,0,GALAXY,213.80139,0.25395942
39627794375773809,0.49909493931074245,0,0,GALAXY,215.14795,0.22501273
39628373667874244,0.2230927730454061,0,0,GALAXY,196.04808,25.025991
39627812457416498,0.38953362417248394,0,0,GALAXY,212.83081,1.0236616
39627794400939885,0.293458366118009,0,0,GALAXY,216.666,0.28617257
39627794375773783,0.46046518720824653,0,0,GALAXY,215.14647,0.17806664
39627788340167824,0.26568620943139465,0,0,GALAXY,215.28862,0.077957086
39627788356944150,0.38206444613018264,0,0,GALAXY,216.26457,0.02325754
39627812532912651,0.41741787865178026,0,0,GALAXY,217.27261,0.9789278
39627788352752817,0.2954274094965682,0,0,GALAXY,216.13336,0.031316567
39627806476342995,0.30902515616804016,0,0,GALAXY,216.49777,0.8401458
39627812532914091,0.41087845496817915,0,0,GALAXY,217.33325,0.9123029
39627818568520163,0.4718237827651316,0,0,GALAXY,217.2377,1.3558413
39627794438689014,0.38622512634066786,0,0,GALAXY,218.91367,0.23512125
39627818576907081,0.3351059081387297,0,0,GALAXY,217.62927,1.2855068
39627818581099852,0.28861433301504014,0,0,GALAXY,217.79941,1.3096547
39627812549692685,0.48131217697768086,0,0,GALAXY,218.41081,0.8927104
39627812537106765,0.47723908636424356,0,0,GALAXY,217.51385,0.9874519
39627794442879683,0.4699618426356502,0,0,GALAXY,219.02812,0.21071227
39628417137640083,0.4584396293373046,0,0,GALAXY,193.75508,27.039667
39628417133446887,0.421810763011082,0,0,GALAXY,193.53485,26.932487
39628411743765727,0.25291557920828867,0,0,GALAXY,194.03424,26.737415
39628411735380601,0.35765042034339056,0,0,GALAXY,193.67444,26.836721
39628395474060513,0.36735746573445266,0,0,GALAXY,193.68483,26.025955
39628417137644406,0.37599379804142324,0,0,GALAXY,193.97769,27.1069
39628395478254038,0.42610595778591454,0,0,GALAXY,193.91502,25.978163
39628438604089956,0.2502791345937636,0,0,GALAXY,194.01761,27.946306
39628427896033397,0.4863144525636738,0,0,GALAXY,194.00032,27.574718
39628433243771773,0.4138501303950218,0,0,GALAXY,193.22969,27.821907
39628433252156257,0.4118521045832312,0,0,GALAXY,193.59229,27.773243
39628433252158326,0.2572938932345985,0,0,GALAXY,193.71045,27.700758
39628427879256835,0.23501204494083486,0,0,GALAXY,192.93193,27.59475
39628433239576543,0.4476157196993177,0,0,GALAXY,192.92368,27.636616
39628433243769298,0.37548954271479273,0,0,GALAXY,193.11107,27.716024
39628438591505450,0.42718362462993575,0,0,GALAXY,193.04446,28.002954
39628427887642326,0.41226712339617516,0,0,GALAXY,193.30019,27.52956
39628427887642954,0.2527323804887973,0,0,GALAXY,193.3285,27.599028
39628427891836798,0.31767996339204196,0,0,GALAXY,193.59726,27.565094
39628422518935473,0.4164223319702071,0,0,GALAXY,193.67162,27.312138
39628422523130889,0.4216610406121321,0,0,GALAXY,194.02315,27.270666
39628427896030980,0.4284573111168073,0,0,GALAXY,193.88084,27.500055
39628449245039198,0.40963110468473063,0,0,GALAXY,192.91046,28.380102
39628449249231762,0.3756895056038398,0,0,GALAXY,193.11418,28.469513
39628433256351180,0.42164552733449917,0,0,GALAXY,193.90747,27.713299
39628438604089778,0.4118737729921931,0,0,GALAXY,194.00615,28.082003
39628443926659544,0.3176134687712839,0,0,GALAXY,193.0628,28.373142
39628459860820489,0.4737678968869301,0,0,GALAXY,193.42972,29.10663
39628449253429290,0.2706562310625461,0,0,GALAXY,193.57916,28.413355
39628449253428709,0.1855050609017727,0,0,GALAXY,193.54755,28.448896
39628449253429664,0.261911292375426,0,0,GALAXY,193.59952,28.484241
39628449253426091,0.21959228718184184,0,0,GALAXY,193.38914,28.60259
39628459869209574,0.4601411282436503,0,0,GALAXY,194.0251,29.07214
39628465149839852,0.4887398178657127,0,0,GALAXY,193.8544,29.172338
39628438595701833,0.3448637582493958,0,0,GALAXY,193.46832,28.1012
39628454563416676,0.37208504024281713,0,0,GALAXY,193.50528,28.716866
39628459865014972,0.46157027842908005,0,0,GALAXY,193.72542,28.990662
39628470417884782,0.44255644050306236,0,0,GALAXY,193.55307,29.541986
39628400909882431,0.4174096971944391,0,0,GALAXY,194.17041,26.226301
39628390050826674,0.4506788671246551,0,0,GALAXY,195.07994,25.85794
39628411747962142,0.39895299825846064,0,0,GALAXY,194.46683,26.678774
39628390055022178,0.31145813016061785,0,0,GALAXY,195.41116,25.741758
39628390055018834,0.2142800262743753,0,0,GALAXY,195.24573,25.76291
39628422535713858,0.3245808125038435,0,0,GALAXY,194.8673,27.152527
39628390063411403,0.3105549155629312,0,0,GALAXY,196.02646,25.682323
39628427917001040,0.46055877352476604,0,0,GALAXY,195.20262,27.392162
39628390059218125,0.33333345040484297,0,0,GALAXY,195.76843,25.785654
39628433264740037,0.32337242614403505,0,0,GALAXY,194.49028,27.741722
39628427900224403,0.18867575676505055,0,0,GALAXY,194.10602,27.446299
39628427896034210,0.23410812545807663,0,0,GALAXY,194.04584,27.515383
39628422544100701,0.4071193598280918,0,0,GALAXY,195.37386,27.227861
39628422544100157,0.405622399386868,0,0,GALAXY,195.33875,27.266994
39628417162808000,0.39622194835672553,0,0,GALAXY,195.51514,27.112768
39628449270203539,0.40936575593781827,0,0,GALAXY,194.53233,28.508236
39628422531519085,0.40696382786038093,0,0,GALAXY,194.56657,27.355104
39628427912809279,0.43974439962236983,0,0,GALAXY,195.06361,27.395004
39628433273131274,0.4368048665025183,0,0,GALAXY,195.20326,27.82387
39628449266011336,0.41210658841361847,0,0,GALAXY,194.37714,28.453417
39628449266012193,0.4127142582004833,0,0,GALAXY,194.417,28.450495
39628433289906504,0.3347489388362535,0,0,GALAXY,196.22,27.79356
39628427921197431,0.406421599322187,0,0,GALAXY,195.61725,27.570068
39628438604090441,0.41375247029320095,0,0,GALAXY,194.04588,28.048159
39628427925393437,0.3651271111344447,0,0,GALAXY,195.98862,27.407291
39628465154033946,0.355893132315573,0,0,GALAXY,194.1332,29.252327
39628454571806519,0.2582702207010634,0,0,GALAXY,194.1904,28.746235
39628459869212106,0.3212672754647439,0,0,GALAXY,194.15189,28.904898
39628438633451417,0.12207423800569887,0,0,GALAXY,196.07549,28.076828
39628443972797567,0.4036601278633021,0,0,GALAXY,196.24156,28.359959
39628459877598316,0.4160687971620289,0,0,GALAXY,194.60768,29.015472
39628454580192223,0.46199189808217017,0,0,GALAXY,194.58287,28.67311
39628459877601363,0.41024984546763493,0,0,GALAXY,194.7705,28.895706
39628465158230257,0.4167922604990216,0,0,GALAXY,194.54631,29.135778
39628454580195095,0.4169062128304824,0,0,GALAXY,194.77013,28.670212
39628459869212324,0.40055416687089,0,0,GALAXY,194.1633,29.00839
39628459869212105,0.4108481304926436,0,0,GALAXY,194.1518,29.06965
39628465166615586,0.4182647799961423,0,0,GALAXY,194.93224,29.161005
39628459885987810,0.42294723746712803,0,0,GALAXY,195.22156,29.013664
39628459885986648,0.49411774196601205,0,0,GALAXY,195.15999,29.118464
39628465170810318,0.4220423277305656,0,0,GALAXY,195.22224,29.1491
39628465166615312,0.41365296065515655,0,0,GALAXY,194.92003,29.364407
39628459885991970,0.42806794109395785,0,0,GALAXY,195.40166,28.98371
39628459885990914,0.42712691016481596,0,0,GALAXY,195.3611,29.080532
39628475685930330,0.2872160395024199,0,0,GALAXY,194.15329,29.710241
39628475685931833,0.464785026126281,0,0,GALAXY,194.22804,29.703447
39628470426275912,0.4604141938010799,0,0,GALAXY,194.24188,29.42877
39628465170809914,0.4154043259344935,0,0,GALAXY,195.20677,29.327929
39628465162423795,0.3938580517588691,0,0,GALAXY,194.78728,29.340492
39628475698515178,0.33988513476002025,0,0,GALAXY,195.13303,29.810757
39628475698513848,0.33217593160314157,0,0,GALAXY,195.05751,29.856092
39628475698514719,0.3297299930414934,0,0,GALAXY,195.10687,29.835049
39628475690128384,0.3896888240263656,0,0,GALAXY,194.64685,29.650885
39628465166617483,0.3932597631567904,0,0,GALAXY,195.02806,29.296827
39628465166617855,0.4208533241635291,0,0,GALAXY,195.04645,29.316017
